{"cameraMode":{"drawMode":0,"name":"Shaded","section":"Shading Mode"},"sceneLighting":false,"audioPlay":false,"sceneViewState":{"showFog":true,"showMaterialUpdate":false,"showSkybox":false,"showFlares":true,"showImageEffects":true,"showParticleSystems":true},"in2DMode":false,"pivot":{"x":1.3872499465942383,"y":0.18260458111763,"z":-4.560394287109375},"rotation":{"x":-0.05661660060286522,"y":0.5975574254989624,"z":0.04239945113658905,"w":0.7987268567085266},"size":0.8762174248695374,"orthographic":false}