{"cameraMode":{"drawMode":0,"name":"Shaded","section":"Shading Mode"},"sceneLighting":false,"audioPlay":false,"sceneViewState":{"showFog":true,"showMaterialUpdate":false,"showSkybox":false,"showFlares":true,"showImageEffects":true,"showParticleSystems":true},"in2DMode":false,"pivot":{"x":1.8124074935913087,"y":-0.9857378005981445,"z":0.1587672233581543},"rotation":{"x":-0.13077053427696229,"y":-0.807645320892334,"z":0.19467923045158387,"w":-0.5411548018455505},"size":4.9555463790893559,"orthographic":false}